{"cameraMode":{"drawMode":0,"name":"Shaded","section":"Shading Mode"},"sceneLighting":true,"audioPlay":false,"sceneViewState":{"m_AlwaysRefresh":true,"showFog":true,"showSkybox":true,"showFlares":true,"showImageEffects":true,"showParticleSystems":true,"showVisualEffectGraphs":true,"m_FxEnabled":true},"in2DMode":false,"pivot":{"x":2.9004993438720705,"y":4.028573989868164,"z":-28.77338409423828},"rotation":{"x":0.03815188631415367,"y":0.9227854013442993,"z":-0.09473922848701477,"w":0.37157171964645388},"size":43.305294036865237,"orthographic":false}